country,year,anxiety_rate,depressive_disorder_rate,gdp_per_capita
Afghanistan,2009,4.695,4.949,1519.693
Afghanistan,2010,4.702,4.947,1710.575
Afghanistan,2011,4.716,4.945,1699.488
Afghanistan,2012,4.739,4.945,1914.774
Afghanistan,2013,4.767,4.944,2015.515
Afghanistan,2014,4.793,4.945,2069.424
Afghanistan,2015,4.81,4.945,2087.305
Afghanistan,2016,4.816,4.937,1981.118
Afghanistan,2017,4.817,4.931,2058.4
Afghanistan,2018,4.828,4.936,2082.636
Afghanistan,2019,4.851,4.945,2152.366
Albania,2009,3.749,2.447,8813.029
Albania,2010,3.757,2.443,9628.722
Albania,2011,3.767,2.441,10207.768
Albania,2012,3.782,2.441,10526.259
Albania,2013,3.798,2.441,10570.964
Albania,2014,3.811,2.442,11259.268
Albania,2015,3.818,2.442,11658.906
Albania,2016,3.815,2.442,12078.843
Albania,2017,3.811,2.444,12770.964
Albania,2018,3.819,2.449,13483.012
Albania,2019,3.838,2.46,14012.976
Algeria,2009,4.66,4.056,12722.379
Algeria,2010,4.663,4.05,13095.449
Algeria,2011,4.67,4.051,13500.045
Algeria,2012,4.683,4.057,13303.328
Algeria,2013,4.699,4.066,13056.803
Algeria,2014,4.713,4.075,13003.267
Algeria,2015,4.723,4.076,12015.641
Algeria,2016,4.731,4.07,11624.341
Algeria,2017,4.737,4.065,11737.401
Algeria,2018,4.75,4.085,11909.93
Algeria,2019,4.772,4.13,12009.248
Angola,2009,3.981,5.761,6470.675
Angola,2010,3.98,5.751,6587.987
Angola,2011,3.979,5.749,6710.751
Angola,2012,3.976,5.746,7412.967
Angola,2013,3.973,5.744,7682.475
Angola,2014,3.97,5.745,8179.298
Angola,2015,3.969,5.748,7337.57
Angola,2016,3.967,5.752,7103.226
Angola,2017,3.965,5.756,7310.897
Angola,2018,3.955,5.753,7099.972
Angola,2019,3.934,5.744,6952.419
Antigua and Barbuda,2009,4.294,2.857,22435.394
Antigua and Barbuda,2010,4.298,2.844,20611.446
Antigua and Barbuda,2011,4.303,2.85,20347.868
Antigua and Barbuda,2012,4.314,2.865,19598.024
Antigua and Barbuda,2013,4.326,2.884,18797.626
Antigua and Barbuda,2014,4.336,2.902,19039.005
Antigua and Barbuda,2015,4.34,2.912,18911.307
Antigua and Barbuda,2016,4.337,2.911,19920.266
Antigua and Barbuda,2017,4.333,2.914,19840.284
Antigua and Barbuda,2018,4.332,2.952,21521.885
Antigua and Barbuda,2019,4.334,3.029,22774.174
Argentina,2009,4.906,2.435,16334.741
Argentina,2010,4.889,2.414,18061.934
Argentina,2011,4.898,2.414,19322.227
Argentina,2012,4.91,2.416,19641.353
Argentina,2013,4.925,2.419,20131.68
Argentina,2014,4.938,2.421,19683.772
Argentina,2015,4.95,2.423,20105.199
Argentina,2016,4.964,2.422,20307.87
Argentina,2017,4.975,2.418,23597.118
Argentina,2018,4.98,2.415,23293.399
Argentina,2019,4.983,2.408,22999.275
Armenia,2009,3.152,2.893,7233.04
Armenia,2010,3.15,2.896,7506.322
Armenia,2011,3.15,2.905,8025.458
Armenia,2012,3.15,2.918,9364.375
Armenia,2013,3.151,2.935,9835.802
Armenia,2014,3.152,2.948,10036.89
Armenia,2015,3.152,2.954,9969.665
Armenia,2016,3.15,2.956,10704.23
Armenia,2017,3.148,2.955,12115.139
Armenia,2018,3.148,2.965,13020.396
Armenia,2019,3.151,2.984,14231.18
Australia,2009,5.609,4.72,40281.8
Australia,2010,5.615,4.69,39336.663
Australia,2011,5.606,4.662,42003.158
Australia,2012,5.585,4.631,42836.672
Australia,2013,5.562,4.598,45906.44
Australia,2014,5.545,4.565,46880.895
Australia,2015,5.544,4.534,46248.616
Australia,2016,5.677,4.44,47255.307
Australia,2017,5.812,4.361,48398.55
Australia,2018,5.821,4.36,50169.187
Australia,2019,5.815,4.382,51748.398
Austria,2009,5.899,3.103,40918.132
Austria,2010,5.911,3.092,42009.439
Austria,2011,5.919,3.093,44452.733
Austria,2012,5.932,3.099,46457.346
Austria,2013,5.945,3.108,47922.049
Austria,2014,5.957,3.114,48799.715
Austria,2015,5.963,3.117,49865.904
Austria,2016,5.983,3.117,52684.017
Austria,2017,6.004,3.118,54172.987
Austria,2018,6.008,3.12,56960.091
Austria,2019,6.006,3.125,58076.349
Azerbaijan,2009,2.54,2.672,13976.11
Azerbaijan,2010,2.537,2.668,14677.165
Azerbaijan,2011,2.533,2.674,14804.574
Azerbaijan,2012,2.526,2.685,15957.719
Azerbaijan,2013,2.519,2.698,17188.946
Azerbaijan,2014,2.511,2.71,17443.878
Azerbaijan,2015,2.505,2.715,14938.401
Azerbaijan,2016,2.493,2.714,14371.023
Azerbaijan,2017,2.482,2.713,14121.407
Azerbaijan,2018,2.479,2.725,14550.763
Azerbaijan,2019,2.478,2.753,15052.794
Bahrain,2009,4.93,4.69,46498.843
Bahrain,2010,4.923,4.644,46872.948
Bahrain,2011,4.92,4.614,47377.498
Bahrain,2012,4.919,4.591,50675.621
Bahrain,2013,4.915,4.57,51494.412
Bahrain,2014,4.909,4.552,51101.977
Bahrain,2015,4.906,4.538,45575.784
Bahrain,2016,4.891,4.522,44768.971
Bahrain,2017,4.881,4.514,47709.778
Bahrain,2018,4.901,4.52,47503.062
Bahrain,2019,4.938,4.528,47228.1
Bangladesh,2009,3.159,4.565,2309.564
Bangladesh,2010,3.14,4.567,2439.07
Bangladesh,2011,3.142,4.573,2620.834
Bangladesh,2012,3.145,4.581,2937.629
Bangladesh,2013,3.15,4.586,3143.586
Bangladesh,2014,3.154,4.594,3368.056
Bangladesh,2015,3.157,4.599,3555.505
Bangladesh,2016,3.159,4.604,3848.958
Bangladesh,2017,3.161,4.603,4160.703
Bangladesh,2018,3.168,4.611,4547.48
Bangladesh,2019,3.181,4.62,4954.762
Barbados,2009,4.268,3.062,16374.515
Barbados,2010,4.275,3.058,16127.811
Barbados,2011,4.282,3.063,16304.382
Barbados,2012,4.294,3.074,15310.114
Barbados,2013,4.306,3.089,15334.828
Barbados,2014,4.317,3.1,15175.496
Barbados,2015,4.325,3.107,15510.661
Barbados,2016,4.329,3.108,15951.959
Barbados,2017,4.331,3.106,15789.041
Barbados,2018,4.331,3.128,16051.256
Barbados,2019,4.329,3.178,16300.422
Belarus,2009,3.504,3.959,14054.106
Belarus,2010,3.502,3.935,15360.148
Belarus,2011,3.501,3.923,16563.201
Belarus,2012,3.499,3.914,18105.287
Belarus,2013,3.496,3.904,18994.19
Belarus,2014,3.493,3.897,19008.061
Belarus,2015,3.491,3.893,18095.665
Belarus,2016,3.486,3.895,17785.943
Belarus,2017,3.481,3.894,18356.101
Belarus,2018,3.481,3.871,19430.279
Belarus,2019,3.483,3.825,20094.526
Belgium,2009,5.004,3.621,37749.51
Belgium,2010,5.02,3.648,39840.088
Belgium,2011,5.035,3.639,40942.373
Belgium,2012,5.054,3.618,42290.762
Belgium,2013,5.074,3.592,43671.12
Belgium,2014,5.09,3.567,44929.686
Belgium,2015,5.1,3.551,46200.904
Belgium,2016,5.098,3.544,48597.4
Belgium,2017,5.089,3.539,50442.271
Belgium,2018,5.073,3.539,52528.119
Belgium,2019,5.047,3.542,54269.514
Belize,2009,4.094,3.26,7438.923
Belize,2010,4.106,3.251,7563.897
Belize,2011,4.116,3.253,7684.83
Belize,2012,4.129,3.257,7272.837
Belize,2013,4.142,3.265,7227.214
Belize,2014,4.154,3.271,7190.086
Belize,2015,4.162,3.276,7235.71
Belize,2016,4.165,3.283,7236.931
Belize,2017,4.167,3.29,7193.634
Belize,2018,4.173,3.299,7436.046
Belize,2019,4.184,3.309,7558.568
Benin,2009,3.163,4.436,2353.633
Benin,2010,3.164,4.435,2364.12
Benin,2011,3.169,4.435,2416.327
Benin,2012,3.178,4.435,2498.496
Benin,2013,3.19,4.438,2669.688
Benin,2014,3.201,4.438,2833.413
Benin,2015,3.21,4.437,2886.829
Benin,2016,3.223,4.437,3004.808
Benin,2017,3.233,4.437,3044.517
Benin,2018,3.233,4.44,3236.67
Benin,2019,3.229,4.448,3426.33
Bermuda,2009,4.275,3.191,71040.174
Bermuda,2010,4.282,3.175,70620.081
Bermuda,2011,4.289,3.17,69998.843
Bermuda,2012,4.299,3.169,67453.821
Bermuda,2013,4.31,3.17,68993.227
Bermuda,2014,4.319,3.169,68775.447
Bermuda,2015,4.323,3.167,71873.228
Bermuda,2016,4.323,3.161,76362.051
Bermuda,2017,4.323,3.157,81834.956
Bermuda,2018,4.325,3.163,83377.065
Bermuda,2019,4.329,3.178,85263.763
Bhutan,2009,3.201,3.95,5972.871
Bhutan,2010,3.202,3.941,6693.516
Bhutan,2011,3.207,3.942,7295.853
Bhutan,2012,3.216,3.949,7912.145
Bhutan,2013,3.227,3.958,7989.689
Bhutan,2014,3.237,3.967,8666.456
Bhutan,2015,3.243,3.97,9500.651
Bhutan,2016,3.242,3.965,10457.244
Bhutan,2017,3.24,3.961,11142.475
Bhutan,2018,3.249,3.983,11620.916
Bhutan,2019,3.268,4.025,12366.526
Bolivia,2009,5.643,3.453,4986.458
Bolivia,2010,5.653,3.443,5167.11
Bolivia,2011,5.667,3.441,5460.257
Bolivia,2012,5.688,3.435,5921.649
Bolivia,2013,5.71,3.432,6624.806
Bolivia,2014,5.728,3.428,7056.828
Bolivia,2015,5.738,3.426,7133.873
Bolivia,2016,5.733,3.425,7499.773
Bolivia,2017,5.727,3.425,8423.698
Bolivia,2018,5.731,3.416,8863.349
Bolivia,2019,5.741,3.399,9093.432
Bosnia and Herzegovina,2009,3.56,2.815,9028.634
Bosnia and Herzegovina,2010,3.56,2.788,9348.265
Bosnia and Herzegovina,2011,3.558,2.769,9976.491
Bosnia and Herzegovina,2012,3.553,2.751,10304.024
Bosnia and Herzegovina,2013,3.547,2.736,11016.55
Bosnia and Herzegovina,2014,3.541,2.725,11433.19
Bosnia and Herzegovina,2015,3.537,2.721,12010.759
Bosnia and Herzegovina,2016,3.532,2.721,13072.183
Bosnia and Herzegovina,2017,3.528,2.724,13753.837
Bosnia and Herzegovina,2018,3.53,2.737,14901.781
Bosnia and Herzegovina,2019,3.537,2.762,15728.176
Botswana,2009,3.527,4.29,11912.917
Botswana,2010,3.529,4.277,12862.491
Botswana,2011,3.534,4.269,13729.859
Botswana,2012,3.545,4.26,13091.98
Botswana,2013,3.557,4.254,14168.082
Botswana,2014,3.569,4.249,15702.873
Botswana,2015,3.577,4.244,14639.558
Botswana,2016,3.584,4.243,16638.52
Botswana,2017,3.588,4.242,15948.032
Botswana,2018,3.577,4.248,16611.904
Botswana,2019,3.553,4.257,17039.262
Brazil,2009,8.521,4.043,13269.122
Brazil,2010,8.497,3.963,14299.555
Brazil,2011,8.37,3.929,15040.061
Brazil,2012,8.089,3.899,15046.29
Brazil,2013,7.757,3.874,15588.726
Brazil,2014,7.479,3.853,15718.565
Brazil,2015,7.36,3.836,14744.114
Brazil,2016,7.373,3.816,14256.163
Brazil,2017,7.391,3.803,14524.614
Brazil,2018,7.4,3.801,15020.438
Brazil,2019,7.41,3.802,15388.235
Bulgaria,2009,3.435,2.725,14181.155
Bulgaria,2010,3.441,2.711,14956.487
Bulgaria,2011,3.433,2.7,15747.085
Bulgaria,2012,3.422,2.689,16327.873
Bulgaria,2013,3.411,2.681,16647.006
Bulgaria,2014,3.401,2.677,17616.913
Bulgaria,2015,3.395,2.673,18391.927
Bulgaria,2016,3.392,2.678,20074.376
Bulgaria,2017,3.391,2.686,21469.945
Bulgaria,2018,3.393,2.689,22990.105
Bulgaria,2019,3.397,2.692,24523.792
Burkina Faso,2009,3.077,4.345,1411.128
Burkina Faso,2010,3.079,4.341,1502.104
Burkina Faso,2011,3.083,4.364,1586.571
Burkina Faso,2012,3.091,4.411,1619.399
Burkina Faso,2013,3.099,4.472,1683.106
Burkina Faso,2014,3.108,4.521,1692.303
Burkina Faso,2015,3.115,4.545,1713.52
Burkina Faso,2016,3.123,4.548,1895.295
Burkina Faso,2017,3.13,4.543,2044.387
Burkina Faso,2018,3.127,4.49,2168.662
Burkina Faso,2019,3.117,4.378,2267.507
Burundi,2009,3.537,4.791,644.105
Burundi,2010,3.537,4.761,663.054
Burundi,2011,3.544,4.742,681.972
Burundi,2012,3.558,4.726,690.688
Burundi,2013,3.577,4.71,740.983
Burundi,2014,3.595,4.701,777.041
Burundi,2015,3.609,4.695,841.646
Burundi,2016,3.622,4.696,796.944
Burundi,2017,3.633,4.696,773.573
Burundi,2018,3.637,4.7,779.808
Burundi,2019,3.639,4.705,783.452
Cambodia,2009,4.497,3.005,2299.387
Cambodia,2010,4.51,2.994,2427.245
Cambodia,2011,4.521,2.987,2611.306
Cambodia,2012,4.535,2.98,2868.738
Cambodia,2013,4.549,2.974,3045.591
Cambodia,2014,4.56,2.969,3185.336
Cambodia,2015,4.566,2.966,3388.738
Cambodia,2016,4.567,2.965,3675.039
Cambodia,2017,4.566,2.964,3928.374
Cambodia,2018,4.57,2.959,4259.203
Cambodia,2019,4.58,2.95,4574.403
Cameroon,2009,3.184,4.627,2781.29
Cameroon,2010,3.185,4.625,2816.797
Cameroon,2011,3.187,4.621,2892.448
Cameroon,2012,3.191,4.618,2958.693
Cameroon,2013,3.196,4.611,3129.859
Cameroon,2014,3.201,4.604,3312.54
Cameroon,2015,3.204,4.601,3395.629
Cameroon,2016,3.21,4.597,3527.165
Cameroon,2017,3.214,4.595,3665.118
Cameroon,2018,3.211,4.596,3800.971
Cameroon,2019,3.2,4.605,3901.142
Canada,2009,4.171,3.162,38865.413
Canada,2010,4.277,3.153,40099.448
Canada,2011,4.296,3.161,41666.708
Canada,2012,4.312,3.187,42290.965
Canada,2013,4.324,3.216,44298.579
Canada,2014,4.334,3.243,45753.751
Canada,2015,4.341,3.255,44670.081
Canada,2016,4.349,3.252,46472.34
Canada,2017,4.352,3.252,48317.097
Canada,2018,4.342,3.263,49992.635
Canada,2019,4.321,3.29,49309.501
Central African Republic,2009,4.237,5.925,916.188
Central African Republic,2010,4.241,5.918,958.921
Central African Republic,2011,4.255,5.919,1012.657
Central African Republic,2012,4.282,5.922,1102.028
Central African Republic,2013,4.315,5.928,738.475
Central African Republic,2014,4.348,5.932,720.324
Central African Republic,2015,4.373,5.933,787.013
Central African Republic,2016,4.401,5.926,851.073
Central African Republic,2017,4.421,5.915,912.803
Central African Republic,2018,4.42,5.918,955.514
Central African Republic,2019,4.406,5.924,985.112
Chad,2009,3.256,5.338,1637.804
Chad,2010,3.265,5.331,1819.695
Chad,2011,3.277,5.31,1797.75
Chad,2012,3.294,5.266,1730.794
Chad,2013,3.312,5.214,1569.059
Chad,2014,3.331,5.17,1677.09
Chad,2015,3.345,5.145,1820.06
Chad,2016,3.362,5.135,1664.513
Chad,2017,3.373,5.127,1587.032
Chad,2018,3.374,5.127,1614.168
Chad,2019,3.37,5.133,1646.428
Chile,2009,5.584,3.7,16159.607
Chile,2010,5.583,3.657,18161.809
Chile,2011,5.573,3.659,20342.561
Chile,2012,5.549,3.666,21507.693
Chile,2013,5.52,3.673,22439.273
Chile,2014,5.494,3.682,22786.643
Chile,2015,5.479,3.686,22698.546
Chile,2016,5.463,3.685,23437.593
Chile,2017,5.448,3.678,24470.704
Chile,2018,5.449,3.666,25714.139
Chile,2019,5.462,3.644,25395.498
China,2009,3.272,2.736,8307.85
China,2010,3.262,2.721,9253.765
China,2011,3.235,2.721,10292.94
China,2012,3.192,2.727,11168.697
China,2013,3.147,2.735,11872.497
China,2014,3.111,2.742,12480.339
China,2015,3.1,2.746,12897.502
China,2016,3.156,2.744,13483.377
China,2017,3.214,2.741,14243.533
China,2018,3.206,2.735,15497.36
China,2019,3.164,2.724,16653.339
Colombia,2009,4.127,2.303,10258.971
Colombia,2010,3.997,2.252,10731.646
Colombia,2011,3.997,2.228,11604.102
Colombia,2012,4.001,2.207,12018.651
Colombia,2013,4.008,2.188,12727.765
Colombia,2014,4.019,2.175,13307.425
Colombia,2015,4.034,2.169,13265.797
Colombia,2016,4.355,2.185,13812.096
Colombia,2017,4.681,2.202,14171.321
Colombia,2018,4.702,2.209,15044.055
Colombia,2019,4.702,2.22,15688.633
Comoros,2009,3.441,4.198,2197.809
Comoros,2010,3.441,4.194,2252.878
Comoros,2011,3.449,4.195,2337.028
Comoros,2012,3.464,4.203,2511.506
Comoros,2013,3.483,4.21,2636.473
Comoros,2014,3.503,4.219,2716.828
Comoros,2015,3.518,4.225,2709.563
Comoros,2016,3.537,4.231,2863.852
Comoros,2017,3.553,4.236,3032.262
Comoros,2018,3.557,4.246,3146.902
Comoros,2019,3.555,4.263,3188.175
Costa Rica,2009,4.086,3.183,12219.94
Costa Rica,2010,4.095,3.186,12863.85
Costa Rica,2011,4.109,3.188,13545.932
Costa Rica,2012,4.128,3.191,14321.518
Costa Rica,2013,4.149,3.196,15005.919
Costa Rica,2014,4.167,3.2,16067.331
Costa Rica,2015,4.18,3.204,17090.797
Costa Rica,2016,4.187,3.207,19075.004
Costa Rica,2017,4.191,3.209,20347.035
Costa Rica,2018,4.194,3.212,21319.044
Costa Rica,2019,4.195,3.213,22511.301
Cote d'Ivoire,2009,3.185,3.852,3484.508
Cote d'Ivoire,2010,3.187,3.85,3679.601
Cote d'Ivoire,2011,3.192,3.855,3470.93
Cote d'Ivoire,2012,3.203,3.87,3558.631
Cote d'Ivoire,2013,3.216,3.889,3867.324
Cote d'Ivoire,2014,3.228,3.904,4319.579
Cote d'Ivoire,2015,3.234,3.914,4652.89
Cote d'Ivoire,2016,3.236,3.919,4726.981
Cote d'Ivoire,2017,3.237,3.921,4830.751
Cote d'Ivoire,2018,3.238,3.927,5154.332
Cote d'Ivoire,2019,3.24,3.935,5432.993
Croatia,2009,3.541,3.057,20149.51
Croatia,2010,3.541,3.044,19967.214
Croatia,2011,3.545,3.033,21014.739
Croatia,2012,3.553,3.022,21397.487
Croatia,2013,3.562,3.013,22081.098
Croatia,2014,3.57,3.005,22325.077
Croatia,2015,3.575,3.0,23301.273
Croatia,2016,3.578,3.004,25210.983
Croatia,2017,3.58,3.011,27154.085
Croatia,2018,3.585,3.011,28844.924
Croatia,2019,3.595,3.008,30576.619
Cyprus,2009,6.478,2.968,33884.88
Cyprus,2010,6.484,2.964,33423.501
Cyprus,2011,6.491,2.969,33313.577
Cyprus,2012,6.501,2.983,31834.518
Cyprus,2013,6.511,2.999,30375.091
Cyprus,2014,6.518,3.013,30080.23
Cyprus,2015,6.52,3.02,31815.274
Cyprus,2016,6.498,3.016,35719.191
Cyprus,2017,6.473,3.012,38287.969
Cyprus,2018,6.467,3.043,40513.692
Cyprus,2019,6.467,3.113,42384.241
Denmark,2009,4.82,3.505,40331.407
Denmark,2010,4.821,3.493,43003.055
Denmark,2011,4.83,3.491,44403.385
Denmark,2012,4.848,3.491,44803.968
Denmark,2013,4.869,3.493,46726.854
Denmark,2014,4.887,3.494,47901.447
Denmark,2015,4.897,3.493,49045.339
Denmark,2016,4.894,3.478,51976.006
Denmark,2017,4.887,3.466,55356.681
Denmark,2018,4.882,3.469,57482.962
Denmark,2019,4.874,3.483,58700.975
Djibouti,2013,3.243,4.429,4103.941
Djibouti,2014,3.25,4.429,4289.034
Djibouti,2015,3.253,4.43,4574.45
Djibouti,2016,3.255,4.436,4692.551
Djibouti,2017,3.257,4.443,4885.205
Djibouti,2018,3.256,4.45,5339.261
Djibouti,2019,3.255,4.461,5768.831
Dominica,2009,4.209,2.93,9840.239
Dominica,2010,4.215,2.926,10017.762
Dominica,2011,4.225,2.932,10199.124
Dominica,2012,4.24,2.948,9946.83
Dominica,2013,4.257,2.967,10145.919
Dominica,2014,4.272,2.984,10909.377
Dominica,2015,4.28,2.994,11141.201
Dominica,2016,4.28,2.996,11949.534
Dominica,2017,4.278,2.999,11304.043
Dominica,2018,4.279,3.028,11804.346
Dominica,2019,4.28,3.085,12892.021
Dominican Republic,2009,4.461,3.909,10539.399
Dominican Republic,2010,4.467,3.893,11410.353
Dominican Republic,2011,4.472,3.874,11869.123
Dominican Republic,2012,4.479,3.849,11900.485
Dominican Republic,2013,4.486,3.82,12482.162
Dominican Republic,2014,4.492,3.796,13475.011
Dominican Republic,2015,4.495,3.786,14740.827
Dominican Republic,2016,4.491,3.786,16109.864
Dominican Republic,2017,4.486,3.787,16735.364
Dominican Republic,2018,4.49,3.8,18137.052
Dominican Republic,2019,4.5,3.823,19191.58
Ecuador,2009,5.126,3.35,8818.68
Ecuador,2010,5.134,3.347,9090.31
Ecuador,2011,5.146,3.344,9857.521
Ecuador,2012,5.167,3.341,10311.405
Ecuador,2013,5.189,3.339,11153.685
Ecuador,2014,5.208,3.336,11713.176
Ecuador,2015,5.218,3.334,11060.286
Ecuador,2016,5.215,3.332,11034.269
Ecuador,2017,5.21,3.331,11617.912
Ecuador,2018,5.216,3.331,11839.343
Ecuador,2019,5.231,3.331,11851.465
El Salvador,2009,4.341,3.457,5956.677
El Salvador,2010,4.354,3.449,6126.973
El Salvador,2011,4.365,3.441,6465.808
El Salvador,2012,4.378,3.434,6541.216
El Salvador,2013,4.391,3.425,6877.146
El Salvador,2014,4.402,3.42,7233.195
El Salvador,2015,4.41,3.418,7597.689
El Salvador,2016,4.413,3.422,8038.63
El Salvador,2017,4.412,3.426,8454.052
El Salvador,2018,4.411,3.421,8822.551
El Salvador,2019,4.41,3.407,9147.261
Equatorial Guinea,2009,3.82,5.734,37447.923
Equatorial Guinea,2010,3.815,5.73,32965.865
Equatorial Guinea,2011,3.812,5.728,34279.977
Equatorial Guinea,2012,3.812,5.734,37570.635
Equatorial Guinea,2013,3.813,5.742,34766.044
Equatorial Guinea,2014,3.814,5.743,33696.216
Equatorial Guinea,2015,3.815,5.74,24042.353
Equatorial Guinea,2016,3.82,5.718,20458.779
Equatorial Guinea,2017,3.824,5.696,22550.958
Equatorial Guinea,2018,3.818,5.702,20875.478
Equatorial Guinea,2019,3.805,5.729,19285.036
Eritrea,2009,3.658,4.847,1459.83
Eritrea,2010,3.657,4.843,1485.197
Eritrea,2011,3.662,4.842,1625.508
Estonia,2009,3.412,3.936,20477.852
Estonia,2010,3.412,3.882,21619.455
Estonia,2011,3.41,3.835,24557.236
Estonia,2012,3.406,3.787,25996.047
Estonia,2013,3.402,3.744,27464.519
Estonia,2014,3.398,3.708,28945.465
Estonia,2015,3.395,3.688,29175.926
Estonia,2016,3.383,3.681,31312.752
Estonia,2017,3.371,3.678,33821.933
Estonia,2018,3.372,3.682,36249.358
Estonia,2019,3.379,3.694,37850.074
Eswatini,2009,3.491,4.443,7452.686
Eswatini,2010,3.489,4.449,7771.331
Eswatini,2011,3.491,4.451,8057.564
Eswatini,2012,3.497,4.446,8266.492
Eswatini,2013,3.505,4.442,8708.44
Eswatini,2014,3.513,4.436,8798.294
Eswatini,2015,3.518,4.434,8813.009
Eswatini,2016,3.527,4.437,8705.843
Eswatini,2017,3.532,4.441,8408.036
Eswatini,2018,3.519,4.434,8725.163
Eswatini,2019,3.492,4.426,9018.854
Ethiopia,2009,3.348,4.77,928.626
Ethiopia,2010,3.35,4.743,1028.324
Ethiopia,2011,3.359,4.715,1134.785
Ethiopia,2012,3.375,4.679,1213.596
Ethiopia,2013,3.396,4.643,1283.57
Ethiopia,2014,3.416,4.617,1513.703
Ethiopia,2015,3.432,4.607,1657.345
Ethiopia,2016,3.45,4.617,1878.813
Ethiopia,2017,3.464,4.627,2021.563
Ethiopia,2018,3.468,4.636,2154.021
Ethiopia,2019,3.466,4.65,2315.348
Fiji,2009,3.975,2.906,7653.445
Fiji,2010,3.982,2.902,7914.101
Fiji,2011,3.99,2.902,8263.045
Fiji,2012,4.002,2.899,8839.516
Fiji,2013,4.014,2.9,9536.326
Fiji,2014,4.025,2.899,11346.946
Fiji,2015,4.031,2.899,12412.351
Fiji,2016,4.026,2.9,12631.912
Fiji,2017,4.02,2.9,13429.301
Fiji,2018,4.026,2.907,14178.563
Fiji,2019,4.04,2.918,14263.0
Finland,2009,3.941,4.57,37972.27
Finland,2010,3.983,4.567,38956.472
Finland,2011,3.993,4.511,40916.839
Finland,2012,4.003,4.406,40873.095
Finland,2013,4.013,4.285,41493.142
Finland,2014,4.019,4.183,41757.402
Finland,2015,4.021,4.135,42497.705
Finland,2016,4.009,4.087,44934.448
Finland,2017,3.995,4.043,47570.134
Finland,2018,3.992,4.076,49580.605
Finland,2019,3.993,4.139,50321.54
France,2009,6.305,4.067,34678.062
France,2010,6.261,4.074,35902.903
France,2011,6.26,4.045,37440.633
France,2012,6.262,3.985,37679.119
France,2013,6.267,3.914,39523.855
France,2014,6.272,3.854,40144.027
France,2015,6.274,3.827,40849.997
France,2016,6.273,3.827,42924.614
France,2017,6.272,3.829,44577.065
France,2018,6.272,3.831,46576.602
France,2019,6.274,3.836,49072.364
Gabon,2009,3.933,5.595,14177.174
Gabon,2010,3.934,5.576,14837.017
Gabon,2011,3.937,5.569,15638.747
Gabon,2012,3.943,5.561,15356.235
Gabon,2013,3.952,5.556,15114.378
Gabon,2014,3.96,5.554,15370.968
Gabon,2015,3.967,5.551,14699.536
Gabon,2016,3.986,5.549,14286.19
Gabon,2017,4.003,5.547,15006.844
Gabon,2018,4.0,5.548,15097.692
Gabon,2019,3.985,5.546,15577.919
Georgia,2009,2.518,3.258,6986.005
Georgia,2010,2.515,3.26,7564.063
Georgia,2011,2.512,3.267,8360.297
Georgia,2012,2.509,3.276,9826.053
Georgia,2013,2.506,3.288,10611.774
Georgia,2014,2.504,3.295,11575.547
Georgia,2015,2.502,3.299,12089.169
Georgia,2016,2.503,3.296,12858.483
Georgia,2017,2.505,3.293,13589.707
Georgia,2018,2.502,3.303,14595.631
Georgia,2019,2.495,3.323,15623.153
Germany,2009,6.174,3.501,36815.844
Germany,2010,6.194,3.504,38952.695
Germany,2011,6.205,3.503,42541.531
Germany,2012,6.218,3.503,43359.615
Germany,2013,6.229,3.5,44993.893
Germany,2014,6.235,3.501,47011.551
Germany,2015,6.235,3.502,47609.781
Germany,2016,6.223,3.489,50579.684
Germany,2017,6.21,3.461,53071.456
Germany,2018,6.206,3.426,55235.366
Germany,2019,6.208,3.377,55652.887
Ghana,2009,2.97,4.355,2792.968
Ghana,2010,2.974,4.348,2973.833
Ghana,2011,2.979,4.346,3379.485
Ghana,2012,2.986,4.348,3781.866
Ghana,2013,2.994,4.348,5294.82
Ghana,2014,3.001,4.35,5568.236
Ghana,2015,3.006,4.354,5206.029
Ghana,2016,3.006,4.352,4992.73
Ghana,2017,3.005,4.355,5115.907
Ghana,2018,3.004,4.358,5442.872
Ghana,2019,3.001,4.362,5774.334
Greece,2009,5.625,5.561,30359.149
Greece,2010,5.647,5.554,27913.089
Greece,2011,5.671,5.463,25671.516
Greece,2012,5.7,5.265,24911.12
Greece,2013,5.732,5.029,25986.65
Greece,2014,5.762,4.829,26625.062
Greece,2015,5.79,4.741,26760.363
Greece,2016,5.802,4.763,27511.801
Greece,2017,5.801,4.817,28604.861
Greece,2018,5.795,4.908,29617.548
Greece,2019,5.779,5.042,30356.266
Grenada,2009,4.228,3.19,10838.429
Grenada,2010,4.236,3.179,10863.481
Grenada,2011,4.243,3.181,11116.748
Grenada,2012,4.255,3.185,11163.815
Grenada,2013,4.268,3.191,11887.358
Grenada,2014,4.279,3.196,13042.056
Grenada,2015,4.284,3.2,14151.901
Grenada,2016,4.283,3.201,15025.684
Grenada,2017,4.281,3.202,16217.5
Grenada,2018,4.281,3.213,17231.512
Grenada,2019,4.282,3.235,17580.901
Guatemala,2009,4.172,4.02,6476.426
Guatemala,2010,4.184,3.969,6618.191
Guatemala,2011,4.196,3.912,6910.877
Guatemala,2012,4.212,3.838,7204.733
Guatemala,2013,4.229,3.766,7446.588
Guatemala,2014,4.243,3.712,7758.493
Guatemala,2015,4.254,3.688,8194.441
Guatemala,2016,4.263,3.696,8221.746
Guatemala,2017,4.269,3.705,8322.217
Guatemala,2018,4.268,3.693,8665.347
Guatemala,2019,4.263,3.668,9019.256
Guinea,2009,3.325,4.351,1595.241
Guinea,2010,3.324,4.351,1653.719
Guinea,2011,3.325,4.354,1743.949
Guinea,2012,3.328,4.357,1795.448
Guinea,2013,3.332,4.362,1811.333
Guinea,2014,3.336,4.364,1804.543
Guinea,2015,3.338,4.366,1819.362
Guinea,2016,3.345,4.365,2078.641
Guinea,2017,3.351,4.363,2417.804
Guinea,2018,3.348,4.366,2559.725
Guinea,2019,3.339,4.373,2675.594
Guinea-Bissau,2009,3.063,4.476,1298.201
Guinea-Bissau,2010,3.065,4.475,1338.981
Guinea-Bissau,2011,3.068,4.477,1439.283
Guinea-Bissau,2012,3.074,4.479,1355.314
Guinea-Bissau,2013,3.081,4.481,1364.384
Guinea-Bissau,2014,3.088,4.482,1378.238
Guinea-Bissau,2015,3.092,4.484,1597.204
Guinea-Bissau,2016,3.099,4.484,1746.753
Guinea-Bissau,2017,3.104,4.488,1925.238
Guinea-Bissau,2018,3.101,4.491,1947.597
Guinea-Bissau,2019,3.093,4.494,2021.302
Guyana,2009,4.335,5.057,8896.995
Guyana,2010,4.34,5.054,9319.392
Guyana,2011,4.347,5.051,9987.421
Guyana,2012,4.358,5.043,10479.778
Guyana,2013,4.371,5.029,11023.23
Guyana,2014,4.381,5.019,10951.793
Guyana,2015,4.387,5.012,11198.301
Guyana,2016,4.372,5.011,11296.77
Guyana,2017,4.355,5.005,12005.405
Guyana,2018,4.361,4.979,12777.165
Guyana,2019,4.382,4.928,13635.426
Haiti,2009,4.479,3.603,2824.236
Haiti,2010,4.494,3.599,2654.687
Haiti,2011,4.514,3.602,2805.727
Haiti,2012,4.538,3.603,2762.44
Haiti,2013,4.565,3.607,2952.304
Haiti,2014,4.589,3.611,2965.479
Haiti,2015,4.603,3.614,2898.625
Haiti,2016,4.608,3.62,3084.034
Haiti,2017,4.611,3.626,3153.299
Haiti,2018,4.62,3.629,3241.303
Haiti,2019,4.635,3.635,3203.3
Honduras,2009,3.969,3.161,3674.231
Honduras,2010,3.982,3.162,3778.462
Honduras,2011,3.997,3.164,3928.269
Honduras,2012,4.017,3.165,4032.581
Honduras,2013,4.039,3.166,4142.238
Honduras,2014,4.059,3.166,4452.588
Honduras,2015,4.071,3.168,4823.395
Honduras,2016,4.078,3.171,5147.245
Honduras,2017,4.082,3.173,5561.995
Honduras,2018,4.086,3.168,5816.747
Honduras,2019,4.091,3.155,5978.764
Hungary,2009,3.464,2.88,20729.784
Hungary,2010,3.464,2.862,21751.834
Hungary,2011,3.459,2.85,23038.808
Hungary,2012,3.451,2.839,23275.232
Hungary,2013,3.44,2.832,24556.715
Hungary,2014,3.43,2.828,25699.75
Hungary,2015,3.422,2.825,26806.595
Hungary,2016,3.411,2.832,27947.638
Hungary,2017,3.402,2.839,29501.12
Hungary,2018,3.402,2.834,31913.075
Hungary,2019,3.407,2.823,33514.942
Iceland,2009,5.065,2.883,41864.188
Iceland,2010,5.072,2.879,39775.297
Iceland,2011,5.082,2.884,40936.868
Iceland,2012,5.095,2.893,42004.448
Iceland,2013,5.108,2.903,44409.669
Iceland,2014,5.118,2.911,45996.969
Iceland,2015,5.121,2.914,49201.064
Iceland,2016,5.114,2.912,53480.397
Iceland,2017,5.106,2.909,55638.492
Iceland,2018,5.103,2.917,57211.3
Iceland,2019,5.104,2.937,58290.097
India,2009,2.932,3.822,3912.418
India,2010,2.971,3.736,4236.744
India,2011,2.988,3.726,4493.669
India,2012,3.005,3.722,4861.156
India,2013,3.019,3.72,5057.233
India,2014,3.031,3.72,5233.882
India,2015,3.04,3.718,5464.859
India,2016,3.048,3.717,5839.865
India,2017,3.052,3.714,6182.922
India,2018,3.026,3.696,6675.361
India,2019,2.967,3.66,6997.864
Indonesia,2009,3.452,2.355,8021.748
Indonesia,2010,3.461,2.352,8505.748
Indonesia,2011,3.47,2.354,9095.742
Indonesia,2012,3.482,2.361,9713.9
Indonesia,2013,3.494,2.368,10067.466
Indonesia,2014,3.506,2.375,10278.177
Indonesia,2015,3.516,2.378,10247.206
Indonesia,2016,3.527,2.374,10494.474
Indonesia,2017,3.536,2.371,10935.632
Indonesia,2018,3.541,2.386,11644.759
Indonesia,2019,3.548,2.418,12311.503
Iraq,2009,5.029,3.498,12127.626
Iraq,2010,5.046,3.496,12717.017
Iraq,2011,5.089,3.543,13515.546
Iraq,2012,5.169,3.652,15163.35
Iraq,2013,5.262,3.784,15535.346
Iraq,2014,5.34,3.898,13888.076
Iraq,2015,5.372,3.949,9763.904
Iraq,2016,5.35,3.95,9428.607
Iraq,2017,5.326,3.947,10526.371
Iraq,2018,5.328,3.944,10809.472
Iraq,2019,5.338,3.933,11398.044
Ireland,2009,6.991,4.195,41471.08
Ireland,2010,7.1,4.186,43203.12
Ireland,2011,7.127,4.161,45080.189
Ireland,2012,7.151,4.116,46361.464
Ireland,2013,7.173,4.066,47830.631
Ireland,2014,7.188,4.028,51098.267
Ireland,2015,7.195,4.014,69028.773
Ireland,2016,7.183,4.13,71498.601
Ireland,2017,7.164,4.244,77749.202
Ireland,2018,7.079,4.242,84555.635
Ireland,2019,6.908,4.217,87379.693
Israel,2009,3.748,4.508,27461.862
Israel,2010,3.821,4.484,28840.045
Israel,2011,3.819,4.435,30636.352
Israel,2012,3.811,4.349,31846.356
Israel,2013,3.8,4.256,34324.378
Israel,2014,3.787,4.175,34366.181
Israel,2015,3.777,4.134,35469.95
Israel,2016,3.757,4.118,37843.195
Israel,2017,3.74,4.109,39121.296
Israel,2018,3.737,4.113,39906.125
Israel,2019,3.739,4.127,40004.031
Italy,2009,5.391,3.48,34602.897
Italy,2010,5.464,3.459,35158.442
Italy,2011,5.496,3.463,36598.015
Italy,2012,5.525,3.474,36486.297
Italy,2013,5.55,3.488,36314.697
Italy,2014,5.568,3.5,36194.874
Italy,2015,5.577,3.506,36899.385
Italy,2016,5.566,3.505,39926.955
Italy,2017,5.552,3.505,41581.121
Italy,2018,5.553,3.523,43036.244
Italy,2019,5.562,3.562,44334.2
Jamaica,2009,3.985,2.879,7966.131
Jamaica,2010,3.999,2.872,7900.199
Jamaica,2011,4.012,2.88,8159.876
Jamaica,2012,4.03,2.901,8187.194
Jamaica,2013,4.047,2.924,8442.984
Jamaica,2014,4.06,2.944,8545.103
Jamaica,2015,4.067,2.956,8792.057
Jamaica,2016,4.059,2.958,9194.157
Jamaica,2017,4.049,2.959,9600.105
Jamaica,2018,4.05,2.995,9968.594
Jamaica,2019,4.055,3.065,10190.475
Japan,2009,2.486,2.162,33547.283
Japan,2010,2.451,2.147,35335.374
Japan,2011,2.425,2.138,36214.44
Japan,2012,2.397,2.126,37605.974
Japan,2013,2.371,2.115,39402.025
Japan,2014,2.35,2.105,39555.412
Japan,2015,2.336,2.101,40898.807
Japan,2016,2.328,2.101,40623.019
Japan,2017,2.323,2.101,41505.082
Japan,2018,2.322,2.101,42202.401
Japan,2019,2.324,2.103,42616.571
Jordan,2009,4.849,4.168,9628.06
Jordan,2010,4.859,4.138,9460.291
Jordan,2011,4.871,4.125,9402.616
Jordan,2012,4.885,4.113,9189.189
Jordan,2013,4.9,4.103,9322.302
Jordan,2014,4.914,4.097,9181.046
Jordan,2015,4.92,4.09,9464.682
Jordan,2016,4.915,4.069,9445.917
Jordan,2017,4.907,4.054,10003.575
Jordan,2018,4.914,4.082,10253.817
Jordan,2019,4.934,4.152,10497.298
Kazakhstan,2009,2.115,3.446,17962.83
Kazakhstan,2010,2.115,3.434,19225.077
Kazakhstan,2011,2.114,3.432,20779.444
Kazakhstan,2012,2.114,3.437,22032.175
Kazakhstan,2013,2.114,3.447,24504.766
Kazakhstan,2014,2.114,3.456,24726.473
Kazakhstan,2015,2.114,3.46,23224.118
Kazakhstan,2016,2.111,3.461,23818.825
Kazakhstan,2017,2.108,3.462,24862.966
Kazakhstan,2018,2.11,3.454,26157.66
Kazakhstan,2019,2.116,3.441,27466.221
Kenya,2009,3.38,4.899,2450.75
Kenya,2010,3.382,4.864,2607.145
Kenya,2011,3.385,4.832,2723.546
Kenya,2012,3.391,4.797,2830.694
Kenya,2013,3.398,4.764,3097.631
Kenya,2014,3.404,4.736,3357.642
Kenya,2015,3.409,4.72,3683.042
Kenya,2016,3.417,4.712,3930.894
Kenya,2017,3.425,4.71,4203.585
Kenya,2018,3.424,4.714,4443.179
Kenya,2019,3.418,4.723,4641.08
Kiribati,2009,4.019,2.971,1746.027
Kiribati,2010,4.028,2.968,1716.015
Kiribati,2011,4.038,2.965,1749.118
Kiribati,2012,4.051,2.965,1838.189
Kiribati,2013,4.065,2.964,1921.677
Kiribati,2014,4.077,2.965,1916.917
Kiribati,2015,4.085,2.964,2106.867
Kiribati,2016,4.079,2.963,2206.488
Kiribati,2017,4.073,2.965,2235.707
Kiribati,2018,4.081,2.967,2341.192
Kiribati,2019,4.098,2.97,2439.365
Kuwait,2009,4.316,3.941,79424.381
Kuwait,2010,4.34,3.94,73965.971
Kuwait,2011,4.372,3.948,78178.22
Kuwait,2012,4.414,3.959,82680.406
Kuwait,2013,4.46,3.973,78058.38
Kuwait,2014,4.5,3.984,70082.463
Kuwait,2015,4.527,3.993,47230.66
Kuwait,2016,4.536,3.997,44685.497
Kuwait,2017,4.542,4.0,50855.553
Kuwait,2018,4.564,4.024,51690.569
Kuwait,2019,4.6,4.06,51962.048
Latvia,2009,3.774,3.783,17023.755
Latvia,2010,3.777,3.759,17706.895
Latvia,2011,3.777,3.749,19248.419
Latvia,2012,3.778,3.74,21290.46
Latvia,2013,3.778,3.732,22639.068
Latvia,2014,3.777,3.725,23815.8
Latvia,2015,3.775,3.72,24972.786
Latvia,2016,3.767,3.722,26721.726
Latvia,2017,3.756,3.724,28673.563
Latvia,2018,3.752,3.733,30877.042
Latvia,2019,3.748,3.748,31883.259
Lebanon,2009,6.514,5.028,14095.568
Lebanon,2010,6.595,5.016,14961.735
Lebanon,2011,6.583,5.013,14669.416
Lebanon,2012,6.559,5.006,14819.591
Lebanon,2013,6.539,5.004,14976.781
Lebanon,2014,6.53,5.005,15029.275
Lebanon,2015,6.525,5.003,15105.957
Lebanon,2016,6.516,4.985,15535.505
Lebanon,2017,6.499,4.947,16043.061
Lebanon,2018,6.353,4.839,16054.362
Lebanon,2019,6.051,4.653,15179.58
Lesotho,2009,3.514,5.418,2027.403
Lesotho,2010,3.516,5.426,2153.155
Lesotho,2011,3.523,5.435,2290.129
Lesotho,2012,3.536,5.448,2308.929
Lesotho,2013,3.552,5.458,2563.068
Lesotho,2014,3.567,5.465,2804.179
Lesotho,2015,3.578,5.472,3077.398
Lesotho,2016,3.591,5.472,2990.284
Lesotho,2017,3.599,5.473,2668.291
Lesotho,2018,3.587,5.484,2677.436
Lesotho,2019,3.555,5.512,2693.198
Liberia,2009,3.425,4.833,987.008
Liberia,2010,3.425,4.826,1022.056
Liberia,2011,3.432,4.828,1093.54
Liberia,2012,3.447,4.834,1204.517
Liberia,2013,3.464,4.837,1387.422
Liberia,2014,3.48,4.842,1417.829
Liberia,2015,3.491,4.844,1312.463
Liberia,2016,3.501,4.845,1429.792
Liberia,2017,3.508,4.847,1564.198
Liberia,2018,3.509,4.756,1581.039
Liberia,2019,3.507,4.556,1531.92
Libya,2009,5.188,4.352,28430.084
Libya,2010,5.196,4.355,29895.2
Libya,2011,5.209,4.359,11482.101
Libya,2012,5.229,4.364,24285.296
Libya,2013,5.252,4.369,19869.139
Libya,2014,5.274,4.375,14303.013
Libya,2015,5.289,4.376,12220.023
Libya,2016,5.292,4.366,11108.724
Libya,2017,5.291,4.356,13238.001
Libya,2018,5.302,4.372,15378.573
Libya,2019,5.324,4.406,15815.877
Lithuania,2009,4.399,4.137,18116.73
Lithuania,2010,4.399,4.116,20096.736
Lithuania,2011,4.389,4.098,22884.825
Lithuania,2012,4.367,4.073,24703.686
Lithuania,2013,4.341,4.048,26721.58
Lithuania,2014,4.317,4.027,28184.472
Lithuania,2015,4.304,4.012,28834.428
Lithuania,2016,4.284,4.01,30925.171
Lithuania,2017,4.262,4.008,33761.871
Lithuania,2018,4.256,4.003,36376.19
Lithuania,2019,4.254,3.991,38540.781
Luxembourg,2009,5.32,3.263,86875.854
Luxembourg,2010,5.314,3.243,90361.783
Luxembourg,2011,5.313,3.235,94475.03
Luxembourg,2012,5.312,3.226,96636.427
Luxembourg,2013,5.313,3.219,100925.012
Luxembourg,2014,5.314,3.214,105296.285
Luxembourg,2015,5.312,3.212,107859.686
Luxembourg,2016,5.29,3.21,113365.176
Luxembourg,2017,5.269,3.211,114985.842
Luxembourg,2018,5.268,3.212,116965.586
Luxembourg,2019,5.277,3.219,117341.915
Madagascar,2009,3.866,4.736,1550.578
Madagascar,2010,3.87,4.734,1534.891
Madagascar,2011,3.878,4.728,1548.327
Madagascar,2012,3.892,4.727,1530.934
Madagascar,2013,3.909,4.722,1535.488
Madagascar,2014,3.926,4.721,1555.822
Madagascar,2015,3.939,4.72,1546.837
Madagascar,2016,3.961,4.717,1606.667
Madagascar,2017,3.978,4.72,1584.425
Madagascar,2018,3.976,4.726,1630.189
Madagascar,2019,3.963,4.737,1687.069
Malawi,2009,3.75,4.058,1380.056
Malawi,2010,3.756,4.045,1449.884
Malawi,2011,3.765,4.047,1508.192
Malawi,2012,3.779,4.059,1467.138
Malawi,2013,3.795,4.073,1572.833
Malawi,2014,3.811,4.086,1530.931
Malawi,2015,3.823,4.094,1445.735
Malawi,2016,3.84,4.097,1454.359
Malawi,2017,3.854,4.098,1472.147
Malawi,2018,3.853,4.098,1532.668
Malawi,2019,3.846,4.1,1602.147
Malaysia,2009,4.582,3.428,19193.192
Malaysia,2010,4.592,3.424,20508.758
Malaysia,2011,4.597,3.446,21704.744
Malaysia,2012,4.596,3.495,22985.802
Malaysia,2013,4.593,3.554,23477.991
Malaysia,2014,4.591,3.605,24607.669
Malaysia,2015,4.592,3.631,24801.888
Malaysia,2016,4.6,3.631,25546.13
Malaysia,2017,4.606,3.63,26661.507
Malaysia,2018,4.605,3.641,28239.5
Malaysia,2019,4.599,3.663,29623.405
Maldives,2009,3.637,3.08,12123.857
Maldives,2010,3.63,3.052,12712.343
Maldives,2011,3.623,3.028,13542.999
Maldives,2012,3.62,3.004,13690.735
Maldives,2013,3.617,2.984,14774.186
Maldives,2014,3.614,2.965,15993.059
Maldives,2015,3.607,2.95,16768.734
Maldives,2016,3.599,2.938,17411.347
Maldives,2017,3.591,2.928,18057.911
Maldives,2018,3.583,2.92,19245.081
Maldives,2019,3.58,2.912,20335.589
Mali,2009,2.64,3.432,1731.268
Mali,2010,2.642,3.431,1787.162
Mali,2011,2.648,3.439,1826.648
Mali,2012,2.66,3.453,1763.84
Mali,2013,2.674,3.471,1812.966
Mali,2014,2.689,3.488,1915.304
Mali,2015,2.7,3.496,2032.656
Mali,2016,2.714,3.5,2189.007
Mali,2017,2.725,3.503,2246.797
Mali,2018,2.727,3.515,2338.534
Mali,2019,2.726,3.541,2419.887
Malta,2009,6.276,2.983,26649.604
Malta,2010,6.274,2.976,28722.702
Malta,2011,6.277,2.982,28973.271
Malta,2012,6.283,2.995,30243.841
Malta,2013,6.292,3.012,32295.847
Malta,2014,6.298,3.027,34344.022
Malta,2015,6.298,3.034,37455.205
Malta,2016,6.266,3.031,39887.099
Malta,2017,6.233,3.03,42644.08
Malta,2018,6.233,3.063,44218.996
Malta,2019,6.248,3.131,45937.7
Marshall Islands,2009,3.959,2.889,2978.417
Marshall Islands,2010,3.969,2.884,3208.012
Marshall Islands,2011,3.977,2.883,3245.585
Marshall Islands,2012,3.986,2.88,3221.195
Marshall Islands,2013,3.996,2.879,3396.188
Marshall Islands,2014,4.003,2.877,3411.16
Marshall Islands,2015,4.007,2.876,3483.332
Marshall Islands,2016,4.001,2.878,3548.869
Marshall Islands,2017,3.994,2.879,3711.896
Marshall Islands,2018,4.001,2.883,3912.699
Marshall Islands,2019,4.016,2.887,4219.793
Mauritania,2009,2.721,3.557,4058.741
Mauritania,2010,2.72,3.553,4092.079
Mauritania,2011,2.722,3.56,4225.571
Mauritania,2012,2.725,3.578,4262.064
Mauritania,2013,2.728,3.601,4481.252
Mauritania,2014,2.732,3.619,4295.051
Mauritania,2015,2.735,3.63,4200.153
Mauritania,2016,2.743,3.629,4700.106
Mauritania,2017,2.75,3.628,5108.549
Mauritania,2018,2.75,3.639,5318.086
Mauritania,2019,2.746,3.656,5569.995
Mauritius,2009,3.855,4.094,14902.354
Mauritius,2010,3.858,4.066,15698.522
Mauritius,2011,3.857,4.023,16653.244
Mauritius,2012,3.853,3.96,16963.511
Mauritius,2013,3.848,3.893,17866.307
Mauritius,2014,3.843,3.838,18488.047
Mauritius,2015,3.838,3.814,19229.835
Mauritius,2016,3.82,3.808,20701.219
Mauritius,2017,3.804,3.804,21415.116
Mauritius,2018,3.805,3.805,22741.351
Mauritius,2019,3.815,3.805,23836.917
Mexico,2009,3.677,3.446,14547.645
Mexico,2010,3.674,3.483,15255.019
Mexico,2011,3.653,3.501,16520.259
Mexico,2012,3.612,3.514,17162.927
Mexico,2013,3.566,3.524,17373.897
Mexico,2014,3.527,3.531,18056.79
Mexico,2015,3.508,3.534,18301.5
Mexico,2016,3.504,3.533,19323.666
Mexico,2017,3.504,3.532,19721.261
Mexico,2018,3.507,3.533,20096.157
Mexico,2019,3.513,3.536,19863.027
Moldova,2009,4.091,3.261,5897.392
Moldova,2010,4.092,3.251,6396.089
Moldova,2011,4.093,3.246,6913.602
Moldova,2012,4.094,3.242,7363.162
Moldova,2013,4.095,3.238,8381.672
Moldova,2014,4.096,3.234,8827.054
Moldova,2015,4.096,3.231,9254.849
Moldova,2016,4.088,3.234,10610.478
Moldova,2017,4.08,3.239,11651.317
Moldova,2018,4.078,3.233,12659.984
Moldova,2019,4.079,3.221,13577.407
Mongolia,2009,1.881,4.029,7167.247
Mongolia,2010,1.882,4.02,7581.547
Mongolia,2011,1.883,4.016,8912.873
Mongolia,2012,1.885,4.015,10227.53
Mongolia,2013,1.888,4.014,10549.892
Mongolia,2014,1.893,4.011,11056.299
Mongolia,2015,1.9,4.013,10648.274
Mongolia,2016,2.015,4.022,10737.486
Mongolia,2017,2.133,4.028,11366.304
Mongolia,2018,2.142,4.008,12317.441
Mongolia,2019,2.143,3.963,13014.113
Montenegro,2009,3.681,2.837,13022.145
Montenegro,2010,3.68,2.832,13636.015
Montenegro,2011,3.677,2.828,14472.485
Montenegro,2012,3.672,2.822,13863.891
Montenegro,2013,3.666,2.817,14870.153
Montenegro,2014,3.661,2.815,15371.143
Montenegro,2015,3.656,2.812,16332.848
Montenegro,2016,3.649,2.816,18199.383
Montenegro,2017,3.642,2.822,19682.265
Montenegro,2018,3.646,2.823,21489.226
Montenegro,2019,3.659,2.818,23097.317
Morocco,2009,4.701,5.121,6107.38
Morocco,2010,4.704,5.118,6332.126
Morocco,2011,4.71,5.115,6712.323
Morocco,2012,4.721,5.11,6702.418
Morocco,2013,4.735,5.105,6916.013
Morocco,2014,4.748,5.1,6609.609
Morocco,2015,4.755,5.096,7024.963
Morocco,2016,4.75,5.092,7113.005
Morocco,2017,4.744,5.087,7312.057
Morocco,2018,4.762,5.082,7625.736
Morocco,2019,4.8,5.079,7865.907
Mozambique,2009,3.962,4.953,914.777
Mozambique,2010,3.965,4.957,958.937
Mozambique,2011,3.971,4.956,1023.065
Mozambique,2012,3.983,4.958,1035.522
Mozambique,2013,3.996,4.959,1084.984
Mozambique,2014,4.008,4.962,1139.052
Mozambique,2015,4.015,4.962,1291.268
Mozambique,2016,4.026,4.956,1363.675
Mozambique,2017,4.035,4.953,1283.66
Mozambique,2018,4.036,4.965,1320.702
Mozambique,2019,4.035,4.993,1335.986
Myanmar,2009,3.876,2.109,2676.998
Myanmar,2010,3.885,2.109,2960.241
Myanmar,2011,3.893,2.115,3224.501
Myanmar,2012,3.901,2.129,3547.131
Myanmar,2013,3.91,2.147,3782.573
Myanmar,2014,3.918,2.16,4009.963
Myanmar,2015,3.925,2.168,4105.443
Myanmar,2016,3.937,2.167,4031.18
Myanmar,2017,3.95,2.163,4224.545
Myanmar,2018,3.961,2.174,4575.131
Myanmar,2019,3.977,2.193,4940.152
Namibia,2009,3.458,3.545,8067.183
Namibia,2010,3.467,3.526,8499.52
Namibia,2011,3.476,3.531,8958.932
Namibia,2012,3.487,3.547,9341.107
Namibia,2013,3.499,3.571,9735.533
Namibia,2014,3.51,3.59,10467.228
Namibia,2015,3.519,3.599,10633.294
Namibia,2016,3.529,3.595,10427.122
Namibia,2017,3.535,3.591,10171.421
Namibia,2018,3.522,3.598,10329.655
Namibia,2019,3.492,3.616,10227.583
Nauru,2009,3.97,3.127,5343.816
Nauru,2010,3.983,3.132,5968.352
Nauru,2011,3.995,3.133,6662.389
Nauru,2012,4.007,3.136,7511.79
Nauru,2013,4.019,3.139,9913.081
Nauru,2014,4.03,3.14,12677.729
Nauru,2015,4.038,3.142,13163.758
Nauru,2016,4.034,3.142,13645.411
Nauru,2017,4.029,3.142,12975.392
Nauru,2018,4.038,3.144,13963.767
Nauru,2019,4.057,3.15,14099.485
Nepal,2009,3.069,5.209,2055.852
Nepal,2010,3.088,5.223,2169.515
Nepal,2011,3.113,5.187,2288.249
Nepal,2012,3.145,5.099,2505.392
Nepal,2013,3.18,4.988,2702.225
Nepal,2014,3.21,4.893,2947.316
Nepal,2015,3.23,4.85,2996.22
Nepal,2016,3.244,4.846,2989.675
Nepal,2017,3.253,4.852,3565.198
Nepal,2018,3.263,4.869,3864.322
Nepal,2019,3.277,4.898,4119.922
Netherlands,2009,6.248,3.556,44556.921
Netherlands,2010,6.275,3.547,45043.904
Netherlands,2011,6.369,3.531,46599.021
Netherlands,2012,6.547,3.504,47272.103
Netherlands,2013,6.75,3.476,49241.518
Netherlands,2014,6.916,3.454,49233.215
Netherlands,2015,6.986,3.444,50288.591
Netherlands,2016,6.862,3.48,52288.415
Netherlands,2017,6.734,3.517,55088.634
Netherlands,2018,6.733,3.526,57826.628
Netherlands,2019,6.755,3.534,59004.325
New Zealand,2009,7.287,3.647,30681.245
New Zealand,2010,7.258,3.644,31222.454
New Zealand,2011,7.255,3.653,32701.379
New Zealand,2012,7.256,3.671,32988.61
New Zealand,2013,7.259,3.692,36242.621
New Zealand,2014,7.262,3.712,37293.357
New Zealand,2015,7.263,3.722,37479.683
New Zealand,2016,7.255,3.723,39955.803
New Zealand,2017,7.248,3.723,42285.32
New Zealand,2018,7.252,3.724,42575.445
New Zealand,2019,7.263,3.724,45437.889
Nicaragua,2009,4.268,3.312,3820.503
Nicaragua,2010,4.275,3.298,3981.081
Nicaragua,2011,4.285,3.292,4263.158
Nicaragua,2012,4.3,3.284,4427.947
Nicaragua,2013,4.317,3.278,4610.299
Nicaragua,2014,4.332,3.27,4941.7
Nicaragua,2015,4.343,3.267,5293.87
Nicaragua,2016,4.354,3.267,5694.054
Nicaragua,2017,4.362,3.266,6004.014
Nicaragua,2018,4.364,3.263,5867.244
Nicaragua,2019,4.366,3.255,5682.216
Niger,2009,2.852,4.184,1005.374
Niger,2010,2.859,4.186,1062.69
Niger,2011,2.871,4.187,1068.245
Niger,2012,2.889,4.188,1158.669
Niger,2013,2.909,4.19,1127.349
Niger,2014,2.929,4.192,1142.517
Niger,2015,2.946,4.194,1145.309
Niger,2016,2.966,4.199,1153.34
Niger,2017,2.98,4.204,1163.226
Niger,2018,2.979,4.215,1229.224
Niger,2019,2.968,4.235,1276.154
Nigeria,2009,3.087,4.357,4420.974
Nigeria,2010,3.114,4.262,4703.205
Nigeria,2011,3.101,4.165,4922.702
Nigeria,2012,3.072,4.048,4982.945
Nigeria,2013,3.038,3.934,5225.173
Nigeria,2014,3.008,3.848,5507.169
Nigeria,2015,2.994,3.812,5426.333
Nigeria,2016,2.994,3.815,5234.679
Nigeria,2017,2.994,3.82,5190.356
Nigeria,2018,2.993,3.821,5278.848
Nigeria,2019,2.992,3.817,5352.679
North Macedonia,2009,3.612,2.556,11009.992
North Macedonia,2010,3.612,2.551,11361.009
North Macedonia,2011,3.611,2.548,11689.906
North Macedonia,2012,3.609,2.548,11915.69
North Macedonia,2013,3.607,2.549,12727.336
North Macedonia,2014,3.605,2.548,13434.843
North Macedonia,2015,3.603,2.549,13888.295
North Macedonia,2016,3.594,2.55,15137.996
North Macedonia,2017,3.586,2.551,15706.444
North Macedonia,2018,3.587,2.558,16777.475
North Macedonia,2019,3.592,2.571,17565.22
Norway,2009,6.878,3.075,55364.219
Norway,2010,6.875,3.061,57919.652
Norway,2011,6.861,3.065,62076.741
Norway,2012,6.834,3.078,65354.779
Norway,2013,6.802,3.097,66961.253
Norway,2014,6.773,3.121,65892.689
Norway,2015,6.757,3.146,60368.921
Norway,2016,6.742,3.218,58939.913
Norway,2017,6.729,3.279,64050.756
Norway,2018,6.729,3.273,69808.329
Norway,2019,6.736,3.238,66799.165
Oman,2009,4.665,3.965,51852.505
Oman,2010,4.646,3.952,50456.858
Oman,2011,4.588,3.914,49583.744
Oman,2012,4.546,3.887,50848.476
Oman,2013,4.556,3.893,48174.85
Oman,2014,4.586,3.905,44374.882
Oman,2015,4.597,3.907,35803.657
Oman,2016,4.566,3.892,33187.955
Oman,2017,4.552,3.889,33308.484
Oman,2018,4.576,3.917,33377.283
Oman,2019,4.612,3.963,32607.015
Pakistan,2009,3.407,3.856,3868.744
Pakistan,2010,3.411,3.834,3890.291
Pakistan,2011,3.417,3.824,3993.559
Pakistan,2012,3.426,3.822,4018.733
Pakistan,2013,3.436,3.823,4103.63
Pakistan,2014,3.444,3.826,4238.634
Pakistan,2015,3.45,3.828,4373.014
Pakistan,2016,3.453,3.825,4410.007
Pakistan,2017,3.456,3.828,4571.205
Pakistan,2018,3.463,3.866,4853.267
Pakistan,2019,3.474,3.943,4896.393
Palau,2009,3.936,3.108,13156.085
Palau,2010,3.945,3.111,13587.761
Palau,2011,3.952,3.11,14970.498
Palau,2012,3.959,3.109,15612.21
Palau,2013,3.963,3.107,15375.976
Palau,2014,3.964,3.103,16625.269
Palau,2015,3.961,3.1,18008.091
Palau,2016,3.948,3.092,18127.483
Palau,2017,3.936,3.087,17770.562
Palau,2018,3.937,3.087,18074.2
Palau,2019,3.947,3.089,17957.768
Panama,2009,3.54,2.945,14405.111
Panama,2010,3.549,2.941,15153.536
Panama,2011,3.561,2.94,16923.947
Panama,2012,3.578,2.939,18679.514
Panama,2013,3.597,2.938,20809.855
Panama,2014,3.616,2.938,22897.403
Panama,2015,3.63,2.938,25319.217
Panama,2016,3.646,2.939,27828.556
Panama,2017,3.658,2.939,30446.85
Panama,2018,3.659,2.939,31784.314
Panama,2019,3.657,2.937,32769.87
Papua New Guinea,2009,3.946,3.099,2791.715
Papua New Guinea,2010,3.954,3.094,3039.784
Papua New Guinea,2011,3.961,3.091,3069.76
Papua New Guinea,2012,3.968,3.087,3206.196
Papua New Guinea,2013,3.976,3.085,3318.801
Papua New Guinea,2014,3.982,3.082,3761.523
Papua New Guinea,2015,3.985,3.081,3966.771
Papua New Guinea,2016,3.982,3.078,4144.604
Papua New Guinea,2017,3.979,3.077,4285.629
Papua New Guinea,2018,3.983,3.076,4290.698
Papua New Guinea,2019,3.995,3.073,4474.686
Paraguay,2009,6.145,3.565,9020.308
Paraguay,2010,6.148,3.572,10001.53
Paraguay,2011,6.16,3.59,10503.596
Paraguay,2012,6.183,3.623,10018.724
Paraguay,2013,6.212,3.663,11062.559
Paraguay,2014,6.239,3.697,11454.429
Paraguay,2015,6.258,3.714,11486.523
Paraguay,2016,6.277,3.715,12041.724
Paraguay,2017,6.29,3.712,12590.548
Paraguay,2018,6.297,3.705,13135.699
Paraguay,2019,6.305,3.695,13149.039
Peru,2009,5.482,2.172,8951.013
Peru,2010,5.489,2.159,9730.421
Peru,2011,5.499,2.161,10476.796
Peru,2012,5.514,2.17,10767.677
Peru,2013,5.53,2.182,11295.963
Peru,2014,5.544,2.193,11510.279
Peru,2015,5.551,2.198,11572.321
Peru,2016,5.549,2.199,12013.377
Peru,2017,5.545,2.201,12506.529
Peru,2018,5.546,2.205,13088.296
Peru,2019,5.552,2.212,13397.274
Philippines,2009,4.53,2.746,5268.495
Philippines,2010,4.536,2.748,5626.281
Philippines,2011,4.539,2.75,5865.344
Philippines,2012,4.542,2.753,6296.828
Philippines,2013,4.544,2.756,6614.684
Philippines,2014,4.546,2.758,6960.901
Philippines,2015,4.547,2.758,7186.769
Philippines,2016,4.547,2.757,7703.762
Philippines,2017,4.547,2.757,8120.869
Philippines,2018,4.552,2.764,8720.607
Philippines,2019,4.563,2.779,9291.727
Poland,2009,3.119,2.127,19239.928
Poland,2010,3.119,2.125,21072.527
Poland,2011,3.116,2.122,22827.698
Poland,2012,3.112,2.119,23745.698
Poland,2013,3.107,2.116,24567.506
Poland,2014,3.102,2.114,25475.505
Poland,2015,3.098,2.112,26862.053
Poland,2016,3.085,2.111,28322.107
Poland,2017,3.074,2.114,30064.503
Poland,2018,3.075,2.167,31953.035
Poland,2019,3.082,2.278,33797.767
Portugal,2009,7.996,4.841,26458.911
Portugal,2010,8.003,4.828,27261.953
Portugal,2011,7.988,4.764,26769.512
Portugal,2012,7.959,4.635,26438.016
Portugal,2013,7.926,4.482,27936.04
Portugal,2014,7.898,4.353,28742.44
Portugal,2015,7.888,4.293,29660.896
Portugal,2016,7.933,4.33,31607.754
Portugal,2017,7.99,4.376,33044.717
Portugal,2018,8.012,4.386,34928.544
Portugal,2019,8.028,4.394,36172.073
Puerto Rico,2009,4.37,2.783,30541.064
Puerto Rico,2010,4.366,2.771,30925.401
Puerto Rico,2011,4.376,2.775,31824.155
Puerto Rico,2012,4.392,2.785,32582.622
Puerto Rico,2013,4.409,2.8,33172.671
Puerto Rico,2014,4.423,2.815,33682.85
Puerto Rico,2015,4.431,2.821,34016.022
Puerto Rico,2016,4.427,2.825,34346.867
Puerto Rico,2017,4.424,2.83,34363.755
Puerto Rico,2018,4.432,2.849,35122.888
Puerto Rico,2019,4.443,2.883,36276.842
Qatar,2009,4.219,3.986,122424.612
Qatar,2010,4.206,3.962,132047.987
Qatar,2011,4.202,3.947,139358.965
Qatar,2012,4.209,3.936,141634.704
Qatar,2013,4.221,3.926,138229.769
Qatar,2014,4.233,3.92,129068.579
Qatar,2015,4.242,3.917,92968.232
Qatar,2016,4.24,3.914,83102.35
Qatar,2017,4.237,3.913,91738.753
Qatar,2018,4.246,3.925,93154.235
Qatar,2019,4.264,3.951,93771.125
Romania,2009,3.229,2.653,16631.858
Romania,2010,3.228,2.646,16976.259
Romania,2011,3.235,2.645,17896.276
Romania,2012,3.253,2.644,18869.569
Romania,2013,3.273,2.642,19781.926
Romania,2014,3.29,2.642,20657.673
Romania,2015,3.294,2.641,21605.836
Romania,2016,3.281,2.643,24271.47
Romania,2017,3.27,2.646,27141.901
Romania,2018,3.273,2.647,29309.206
Romania,2019,3.286,2.65,31901.426
Rwanda,2009,3.558,5.141,1275.35
Rwanda,2010,3.558,5.102,1349.452
Rwanda,2011,3.563,5.089,1450.579
Rwanda,2012,3.576,5.074,1488.67
Rwanda,2013,3.592,5.066,1543.273
Rwanda,2014,3.609,5.059,1706.673
Rwanda,2015,3.624,5.054,1804.55
Rwanda,2016,3.65,5.058,1882.372
Rwanda,2017,3.671,5.067,1975.249
Rwanda,2018,3.669,5.076,2138.9
Rwanda,2019,3.653,5.097,2321.719
Samoa,2009,3.957,2.797,5316.205
Samoa,2010,3.966,2.79,5362.861
Samoa,2011,3.976,2.789,5653.191
Samoa,2012,3.988,2.789,5478.933
Samoa,2013,4.001,2.789,5508.716
Samoa,2014,4.012,2.789,5569.505
Samoa,2015,4.017,2.789,5825.059
Samoa,2016,4.008,2.784,6330.806
Samoa,2017,3.999,2.782,6489.777
Samoa,2018,4.007,2.788,6537.875
Samoa,2019,4.028,2.803,6912.036
San Marino,2009,5.495,4.082,66491.155
San Marino,2010,5.495,4.083,62777.533
San Marino,2011,5.501,4.083,57954.43
San Marino,2012,5.513,4.085,54450.484
San Marino,2013,5.527,4.086,53465.094
San Marino,2014,5.539,4.084,55432.07
San Marino,2015,5.546,4.085,55614.622
San Marino,2016,5.547,4.088,57455.563
San Marino,2017,5.547,4.088,58867.013
San Marino,2018,5.545,4.09,61006.848
San Marino,2019,5.543,4.092,63420.327
Sao Tome and Principe,2009,3.045,3.631,2734.005
Sao Tome and Principe,2010,3.046,3.625,2876.875
Sao Tome and Principe,2011,3.048,3.626,2997.201
Sao Tome and Principe,2012,3.053,3.632,2954.736
Sao Tome and Principe,2013,3.058,3.638,3319.075
Sao Tome and Principe,2014,3.064,3.646,3817.19
Sao Tome and Principe,2015,3.068,3.65,3837.493
Sao Tome and Principe,2016,3.076,3.65,3889.528
Sao Tome and Principe,2017,3.082,3.654,3952.945
Sao Tome and Principe,2018,3.084,3.673,4089.157
Sao Tome and Principe,2019,3.084,3.709,4174.727
Saudi Arabia,2009,4.461,4.144,49933.194
Saudi Arabia,2010,4.47,4.154,51529.828
Saudi Arabia,2011,4.482,4.162,56133.144
Saudi Arabia,2012,4.5,4.173,57364.985
Saudi Arabia,2013,4.519,4.182,55908.25
Saudi Arabia,2014,4.535,4.189,55726.102
Saudi Arabia,2015,4.543,4.192,48611.131
Saudi Arabia,2016,4.538,4.181,45484.438
Saudi Arabia,2017,4.53,4.171,47306.222
Saudi Arabia,2018,4.537,4.184,48735.46
Saudi Arabia,2019,4.554,4.216,48948.174
Senegal,2009,2.871,3.935,2606.838
Senegal,2010,2.869,3.933,2652.861
Senegal,2011,2.871,3.941,2669.517
Senegal,2012,2.876,3.959,2739.419
Senegal,2013,2.882,3.978,2742.421
Senegal,2014,2.887,3.994,2830.697
Senegal,2015,2.891,4.0,2971.347
Senegal,2016,2.894,3.997,3075.937
Senegal,2017,2.897,3.992,3203.906
Senegal,2018,2.896,4.004,3388.946
Senegal,2019,2.893,4.029,3503.618
Serbia,2009,3.372,2.851,12533.965
Serbia,2010,3.372,2.84,12798.272
Serbia,2011,3.369,2.832,13746.925
Serbia,2012,3.366,2.823,13933.845
Serbia,2013,3.362,2.817,14629.007
Serbia,2014,3.358,2.811,14659.58
Serbia,2015,3.355,2.807,14928.467
Serbia,2016,3.346,2.811,15858.096
Serbia,2017,3.339,2.816,16611.024
Serbia,2018,3.336,2.816,17698.05
Serbia,2019,3.335,2.815,18842.526
Seychelles,2009,3.684,2.621,18599.625
Seychelles,2010,3.689,2.615,19387.863
Seychelles,2011,3.693,2.616,21922.74
Seychelles,2012,3.699,2.617,21565.038
Seychelles,2013,3.705,2.619,22369.391
Seychelles,2014,3.711,2.622,23889.784
Seychelles,2015,3.715,2.623,24067.195
Seychelles,2016,3.721,2.621,25681.313
Seychelles,2017,3.727,2.621,27309.762
Seychelles,2018,3.731,2.629,28190.477
Seychelles,2019,3.738,2.645,28778.791
Sierra Leone,2009,3.625,4.424,1088.374
Sierra Leone,2010,3.626,4.424,1134.088
Sierra Leone,2011,3.629,4.421,1203.211
Sierra Leone,2012,3.635,4.417,1405.573
Sierra Leone,2013,3.642,4.415,1746.556
Sierra Leone,2014,3.65,4.41,1787.647
Sierra Leone,2015,3.656,4.405,1586.69
Sierra Leone,2016,3.667,4.401,1596.619
Sierra Leone,2017,3.677,4.399,1633.731
Sierra Leone,2018,3.674,4.397,1694.326
Sierra Leone,2019,3.663,4.392,1777.304
Singapore,2009,2.727,1.993,66149.005
Singapore,2010,2.721,1.985,75294.357
Singapore,2011,2.719,1.979,80052.391
Singapore,2012,2.714,1.969,82064.961
Singapore,2013,2.707,1.957,83001.788
Singapore,2014,2.702,1.948,84423.191
Singapore,2015,2.701,1.944,86974.748
Singapore,2016,2.7,1.955,89417.349
Singapore,2017,2.704,1.967,95350.436
Singapore,2018,2.707,1.981,100581.158
Singapore,2019,2.708,2.008,102573.402
Slovenia,2009,3.401,3.262,27537.758
Slovenia,2010,3.399,3.226,27826.872
Slovenia,2011,3.397,3.198,28931.383
Slovenia,2012,3.395,3.17,29042.82
Slovenia,2013,3.393,3.146,29973.699
Slovenia,2014,3.391,3.128,30870.024
Slovenia,2015,3.389,3.118,31628.247
Slovenia,2016,3.379,3.124,33936.044
Slovenia,2017,3.37,3.131,36507.553
Slovenia,2018,3.375,3.126,38961.544
Slovenia,2019,3.389,3.115,40670.878
Solomon Islands,2009,3.96,3.008,2030.075
Solomon Islands,2010,3.971,3.005,2177.115
Solomon Islands,2011,3.98,3.004,2324.074
Solomon Islands,2012,3.992,3.003,2349.609
Solomon Islands,2013,4.003,3.003,2451.023
Solomon Islands,2014,4.013,3.002,2454.931
Solomon Islands,2015,4.018,3.002,2446.499
Solomon Islands,2016,4.012,2.999,2548.63
Solomon Islands,2017,4.006,2.996,2663.94
Solomon Islands,2018,4.013,2.999,2762.416
Solomon Islands,2019,4.029,3.004,2773.512
Somalia,2013,3.293,4.837,811.036
Somalia,2014,3.287,4.842,931.043
Somalia,2015,3.283,4.843,1082.886
Somalia,2016,3.282,4.846,1135.543
Somalia,2017,3.281,4.848,1079.112
Somalia,2018,3.278,4.847,1156.651
Somalia,2019,3.273,4.847,1236.626
South Africa,2009,3.795,4.086,12568.454
South Africa,2010,3.786,4.109,12912.125
South Africa,2011,3.787,4.129,13393.767
South Africa,2012,3.79,4.154,13215.709
South Africa,2013,3.793,4.181,13606.943
South Africa,2014,3.796,4.206,13602.103
South Africa,2015,3.797,4.23,13701.945
South Africa,2016,3.802,4.294,13748.461
South Africa,2017,3.806,4.347,13860.27
South Africa,2018,3.8,4.336,14209.094
South Africa,2019,3.786,4.299,14289.76
South Sudan,2009,4.843,4.651,2944.01
South Sudan,2010,4.853,4.651,3020.948
South Sudan,2011,4.868,4.657,2844.517
South Sudan,2012,4.892,4.662,1519.142
South Sudan,2013,4.92,4.672,2099.237
South Sudan,2014,4.948,4.68,1495.51
South Sudan,2015,4.975,4.694,1234.726
Spain,2009,5.177,4.281,32092.365
Spain,2010,5.254,4.37,31682.713
Spain,2011,5.275,4.417,31867.973
Spain,2012,5.293,4.459,31720.12
Spain,2013,5.307,4.494,32434.003
Spain,2014,5.317,4.525,33525.741
Spain,2015,5.325,4.55,34903.127
Spain,2016,5.33,4.588,37286.213
Spain,2017,5.331,4.628,39528.925
Spain,2018,5.184,4.661,40696.388
Spain,2019,4.861,4.704,41696.311
Sri Lanka,2009,3.908,2.835,7550.295
Sri Lanka,2010,3.919,2.826,8194.269
Sri Lanka,2011,3.929,2.828,9007.734
Sri Lanka,2012,3.942,2.833,10315.18
Sri Lanka,2013,3.955,2.843,10852.064
Sri Lanka,2014,3.969,2.852,11256.856
Sri Lanka,2015,3.98,2.857,11557.487
Sri Lanka,2016,3.999,2.859,12224.216
Sri Lanka,2017,4.016,2.859,12584.105
Sri Lanka,2018,4.026,2.862,13169.095
Sri Lanka,2019,4.036,2.866,13622.86
Sudan,2009,4.667,4.428,3809.612
Sudan,2010,4.669,4.423,3900.269
Sudan,2011,4.677,4.416,4216.373
Sudan,2012,4.691,4.409,3805.896
Sudan,2013,4.707,4.399,3838.36
Sudan,2014,4.72,4.391,4427.449
Sudan,2015,4.727,4.39,4434.475
Sudan,2016,4.719,4.388,4757.057
Sudan,2017,4.71,4.387,4598.85
Sudan,2018,4.72,4.399,4474.679
Sudan,2019,4.746,4.423,4350.066
Suriname,2009,4.095,4.73,12880.641
Suriname,2010,4.099,4.728,13548.533
Suriname,2011,4.105,4.726,14475.073
Suriname,2012,4.115,4.725,15785.124
Suriname,2013,4.127,4.722,16815.11
Suriname,2014,4.137,4.721,17261.076
Suriname,2015,4.143,4.723,17210.27
Suriname,2016,4.138,4.729,15062.441
Suriname,2017,4.132,4.731,18283.688
Suriname,2018,4.135,4.719,19461.977
Suriname,2019,4.142,4.688,19841.808
Sweden,2009,4.748,4.241,40279.462
Sweden,2010,4.746,4.241,42223.92
Sweden,2011,4.756,4.226,44608.58
Sweden,2012,4.774,4.199,45432.432
Sweden,2013,4.796,4.167,46312.392
Sweden,2014,4.814,4.136,47184.669
Sweden,2015,4.823,4.121,49103.133
Sweden,2016,4.815,4.12,50430.253
Sweden,2017,4.804,4.122,51947.954
Sweden,2018,4.799,4.12,53521.631
Sweden,2019,4.795,4.116,54598.78
Switzerland,2009,6.827,3.704,53354.005
Switzerland,2010,6.864,3.76,54858.448
Switzerland,2011,6.864,3.755,57987.502
Switzerland,2012,6.86,3.74,59933.599
Switzerland,2013,6.854,3.722,62225.087
Switzerland,2014,6.847,3.707,64103.01
Switzerland,2015,6.84,3.7,66020.204
Switzerland,2016,6.817,3.705,68105.155
Switzerland,2017,6.793,3.71,69103.57
Switzerland,2018,6.788,3.71,71660.207
Switzerland,2019,6.791,3.705,72033.929
Tajikistan,2009,2.371,2.769,2208.89
Tajikistan,2010,2.373,2.763,2328.458
Tajikistan,2011,2.376,2.765,2496.582
Tajikistan,2012,2.382,2.771,2750.355
Tajikistan,2013,2.389,2.778,3027.814
Tajikistan,2014,2.395,2.784,3303.098
Tajikistan,2015,2.399,2.789,3150.427
Tajikistan,2016,2.4,2.791,3114.896
Tajikistan,2017,2.401,2.796,3252.933
Tajikistan,2018,2.402,2.803,3497.324
Tajikistan,2019,2.404,2.817,3732.869
Tanzania,2009,3.734,4.625,1998.298
Tanzania,2010,3.737,4.62,2088.098
Tanzania,2011,3.747,4.618,2228.696
Tanzania,2012,3.763,4.615,2099.43
Tanzania,2013,3.783,4.611,2194.885
Tanzania,2014,3.801,4.609,2243.592
Tanzania,2015,3.815,4.609,2348.443
Tanzania,2016,3.828,4.613,2479.334
Tanzania,2017,3.836,4.619,2530.603
Tanzania,2018,3.831,4.632,2652.391
Tanzania,2019,3.813,4.651,2773.156
Thailand,2009,3.32,2.896,12191.414
Thailand,2010,3.33,2.889,13195.371
Thailand,2011,3.336,2.884,13519.129
Thailand,2012,3.343,2.878,14870.976
Thailand,2013,3.351,2.874,15407.665
Thailand,2014,3.357,2.868,15480.211
Thailand,2015,3.361,2.867,15822.371
Thailand,2016,3.366,2.863,16616.195
Thailand,2017,3.371,2.859,17422.952
Thailand,2018,3.382,2.855,18530.212
Thailand,2019,3.4,2.847,19233.866
Togo,2009,3.556,4.495,1095.263
Togo,2010,3.561,4.496,1144.332
Togo,2011,3.565,4.492,1210.143
Togo,2012,3.57,4.493,1227.156
Togo,2013,3.576,4.49,1275.325
Togo,2014,3.581,4.488,1328.38
Togo,2015,3.584,4.489,1397.332
Togo,2016,3.59,4.492,1954.204
Togo,2017,3.595,4.496,2012.241
Togo,2018,3.595,4.498,2110.826
Togo,2019,3.592,4.501,2211.635
Tonga,2009,3.991,2.657,4524.731
Tonga,2010,4.001,2.656,4610.508
Tonga,2011,4.012,2.657,5048.277
Tonga,2012,4.025,2.661,5228.95
Tonga,2013,4.039,2.662,5388.098
Tonga,2014,4.051,2.664,5639.837
Tonga,2015,4.058,2.667,5774.17
Tonga,2016,4.051,2.666,6195.84
Tonga,2017,4.044,2.666,6467.124
Tonga,2018,4.05,2.676,6565.223
Tonga,2019,4.063,2.695,6647.859
Trinidad and Tobago,2009,3.763,3.757,29366.356
Trinidad and Tobago,2010,3.769,3.752,30528.893
Trinidad and Tobago,2011,3.781,3.755,30887.983
Trinidad and Tobago,2012,3.8,3.764,30063.327
Trinidad and Tobago,2013,3.821,3.775,30059.716
Trinidad and Tobago,2014,3.841,3.784,29698.57
Trinidad and Tobago,2015,3.852,3.79,27397.229
Trinidad and Tobago,2016,3.854,3.787,26389.742
Trinidad and Tobago,2017,3.855,3.784,26342.617
Trinidad and Tobago,2018,3.861,3.798,26880.639
Trinidad and Tobago,2019,3.871,3.826,26920.145
Tunisia,2009,5.003,5.013,10267.035
Tunisia,2010,5.012,5.008,10640.615
Tunisia,2011,5.029,5.004,10576.074
Tunisia,2012,5.055,5.003,10731.365
Tunisia,2013,5.084,5.005,10769.908
Tunisia,2014,5.11,5.007,11024.809
Tunisia,2015,5.124,5.004,10825.087
Tunisia,2016,5.12,4.989,10993.625
Tunisia,2017,5.113,4.977,11234.49
Tunisia,2018,5.129,4.999,11658.727
Tunisia,2019,5.164,5.049,11899.956
Turkey,2009,4.434,4.127,15597.997
Turkey,2010,4.431,4.102,17542.197
Turkey,2011,4.441,4.09,19799.116
Turkey,2012,4.46,4.083,20772.499
Turkey,2013,4.48,4.075,22438.714
Turkey,2014,4.497,4.066,24090.236
Turkey,2015,4.506,4.058,25753.391
Turkey,2016,4.495,4.003,26512.017
Turkey,2017,4.483,3.944,27913.819
Turkey,2018,4.491,3.932,27960.98
Turkey,2019,4.514,3.942,26867.47
Turkmenistan,2009,2.286,3.079,9021.144
Turkmenistan,2010,2.286,3.066,9810.612
Turkmenistan,2011,2.29,3.063,11294.968
Turkmenistan,2012,2.299,3.061,12057.182
Turkmenistan,2013,2.311,3.061,12739.18
Turkmenistan,2014,2.322,3.062,13490.997
Turkmenistan,2015,2.329,3.06,13690.614
Turkmenistan,2016,2.336,3.059,13862.276
Turkmenistan,2017,2.34,3.057,14205.027
Turkmenistan,2018,2.341,3.055,15201.779
Turkmenistan,2019,2.342,3.05,16195.539
Tuvalu,2009,3.979,3.142,3006.471
Tuvalu,2010,3.985,3.14,2928.119
Tuvalu,2011,3.991,3.138,3182.199
Tuvalu,2012,4.0,3.137,3084.573
Tuvalu,2013,4.009,3.135,3250.59
Tuvalu,2014,4.017,3.132,3317.432
Tuvalu,2015,4.019,3.13,3613.735
Tuvalu,2016,4.006,3.125,3717.917
Tuvalu,2017,3.993,3.122,3896.748
Tuvalu,2018,3.995,3.122,4040.296
Tuvalu,2019,4.007,3.125,4455.543
Uganda,2009,3.963,7.136,2017.666
Uganda,2010,3.975,7.033,2088.622
Uganda,2011,3.991,6.932,2259.443
Uganda,2012,4.016,6.813,2013.881
Uganda,2013,4.043,6.703,2014.275
Uganda,2014,4.068,6.617,2088.407
Uganda,2015,4.086,6.579,2128.745
Uganda,2016,4.106,6.586,2092.476
Uganda,2017,4.119,6.593,2074.652
Uganda,2018,4.109,6.592,2175.808
Uganda,2019,4.08,6.585,2275.214
Ukraine,2009,3.085,4.102,8095.591
Ukraine,2010,3.116,4.064,8558.992
Ukraine,2011,3.119,4.028,9246.769
Ukraine,2012,3.121,3.982,9705.359
Ukraine,2013,3.12,3.936,11111.051
Ukraine,2014,3.12,3.901,10743.586
Ukraine,2015,3.12,3.883,10164.327
Ukraine,2016,3.121,3.888,11148.197
Ukraine,2017,3.124,3.895,11860.561
Ukraine,2018,3.128,3.897,12633.134
Ukraine,2019,3.133,3.897,13346.476
United Arab Emirates,2009,4.054,3.538,68167.576
United Arab Emirates,2010,4.065,3.525,64882.85
United Arab Emirates,2011,4.081,3.523,67686.385
United Arab Emirates,2012,4.104,3.526,69102.476
United Arab Emirates,2013,4.131,3.532,70374.235
United Arab Emirates,2014,4.159,3.538,73619.045
United Arab Emirates,2015,4.182,3.543,64901.88
United Arab Emirates,2016,4.18,3.539,63968.888
United Arab Emirates,2017,4.174,3.537,67183.605
United Arab Emirates,2018,4.197,3.55,68576.116
United Arab Emirates,2019,4.243,3.578,71150.542
United Kingdom,2009,4.472,3.952,35212.42
United Kingdom,2010,4.495,3.947,36576.587
United Kingdom,2011,4.495,3.97,37379.291
United Kingdom,2012,4.49,4.022,38514.026
United Kingdom,2013,4.483,4.084,40218.747
United Kingdom,2014,4.477,4.136,41580.602
United Kingdom,2015,4.472,4.157,42912.875
United Kingdom,2016,4.459,4.127,44635.3
United Kingdom,2017,4.445,4.096,46372.387
United Kingdom,2018,4.448,4.094,47573.488
United Kingdom,2019,4.46,4.098,49041.464
United States,2009,5.862,4.506,47099.98
United States,2010,5.801,4.506,48466.658
United States,2011,5.69,4.495,49882.558
United States,2012,5.532,4.469,51602.931
United States,2013,5.366,4.436,53106.537
United States,2014,5.233,4.404,55049.988
United States,2015,5.173,4.382,56863.371
United States,2016,5.168,4.373,58021.4
United States,2017,5.175,4.369,60109.656
United States,2018,5.342,4.37,63064.418
United States,2019,5.698,4.376,65279.529
Uruguay,2009,5.051,2.729,15464.262
Uruguay,2010,5.052,2.732,16817.079
Uruguay,2011,5.064,2.751,18002.894
Uruguay,2012,5.086,2.785,18192.33
Uruguay,2013,5.112,2.824,19130.061
Uruguay,2014,5.135,2.859,20093.624
Uruguay,2015,5.148,2.873,20217.56
Uruguay,2016,5.144,2.866,22454.395
Uruguay,2017,5.138,2.857,23009.874
Uruguay,2018,5.142,2.85,23588.151
Uruguay,2019,5.154,2.841,24006.787
Uzbekistan,2009,2.02,3.178,5168.511
Uzbekistan,2010,2.019,3.17,5469.381
Uzbekistan,2011,2.018,3.17,5844.808
Uzbekistan,2012,2.017,3.172,6061.947
Uzbekistan,2013,2.016,3.175,6302.647
Uzbekistan,2014,2.015,3.177,6494.86
Uzbekistan,2015,2.015,3.179,6680.185
Uzbekistan,2016,2.016,3.175,6796.905
Uzbekistan,2017,2.017,3.17,6840.71
Uzbekistan,2018,2.02,3.168,7252.985
Uzbekistan,2019,2.026,3.164,7658.9
Vanuatu,2009,3.964,2.99,2760.449
Vanuatu,2010,3.973,2.985,2756.328
Vanuatu,2011,3.981,2.983,2825.155
Vanuatu,2012,3.992,2.978,2828.606
Vanuatu,2013,4.002,2.974,2811.371
Vanuatu,2014,4.012,2.971,2871.755
Vanuatu,2015,4.017,2.968,2832.178
Vanuatu,2016,4.011,2.966,2918.596
Vanuatu,2017,4.004,2.964,3081.835
Vanuatu,2018,4.011,2.967,3167.735
Vanuatu,2019,4.029,2.974,3269.915
Vietnam,2009,2.003,2.5,3952.734
Vietnam,2010,2.005,2.491,4213.296
Vietnam,2011,2.035,2.484,4523.253
Vietnam,2012,2.103,2.479,5042.481
Vietnam,2013,2.185,2.476,5358.947
Vietnam,2014,2.254,2.473,5745.205
Vietnam,2015,2.286,2.471,6102.637
Vietnam,2016,2.283,2.471,6572.976
Vietnam,2017,2.277,2.472,7155.443
Vietnam,2018,2.28,2.473,7768.08
Vietnam,2019,2.287,2.473,8381.239
World,2009,3.818,3.429,12252.007
World,2010,3.822,3.41,12896.39
World,2011,3.811,3.41,13581.45
World,2012,3.791,3.412,14112.197
World,2013,3.769,3.416,14628.034
World,2014,3.751,3.42,14997.668
World,2015,3.746,3.426,15139.832
World,2016,3.76,3.429,15563.8
World,2017,3.775,3.433,16210.554
World,2018,3.779,3.437,17009.81
World,2019,3.78,3.44,17548.147
Zambia,2009,3.822,4.106,2933.131
Zambia,2010,3.829,4.095,3178.872
Zambia,2011,3.846,4.102,3323.938
Zambia,2012,3.876,4.125,3422.62
Zambia,2013,3.911,4.155,3578.847
Zambia,2014,3.942,4.181,3539.436
Zambia,2015,3.963,4.197,3430.4
Zambia,2016,3.977,4.207,3404.674
Zambia,2017,3.985,4.213,3485.022
Zambia,2018,3.981,4.217,3606.098
Zambia,2019,3.969,4.219,3617.2
Zimbabwe,2009,3.188,3.338,1532.822
Zimbabwe,2010,3.185,3.335,1830.827
Zimbabwe,2011,3.184,3.343,2101.824
Zimbabwe,2012,3.183,3.36,2375.927
Zimbabwe,2013,3.183,3.381,2560.773
Zimbabwe,2014,3.183,3.399,2612.456
Zimbabwe,2015,3.184,3.408,2679.508
Zimbabwe,2016,3.187,3.411,2806.469
Zimbabwe,2017,3.188,3.412,3795.642
Zimbabwe,2018,3.172,3.407,4017.222
Zimbabwe,2019,3.137,3.395,3783.548
